{"GD91A": {"mass": 0.627, "acmass": 0.557, "acmasserr": "\t557(11) \t", "acmassfrac": 0.8883572567783095, "p0s": 1.0217113710898473, "p1s": -6.59571723534642e-05, "exposure": 1.1}, "GD35B": {"mass": 0.81, "acmass": 0.74, "acmasserr": "\t740(12) \t", "acmassfrac": 0.9135802469135802, "p0s": 1.0137495143070527, "p1s": -5.3644548917082324e-05, "exposure": 1.4}, "GD02B": {"mass": 0.625, "acmass": 0.553, "acmasserr": "\t553(11) \t", "acmassfrac": 0.8848, "p0s": 1.0189866376673715, "p1s": -6.169936147742984e-05, "exposure": 1.2}, "GD00B": {"mass": 0.697, "acmass": 0.613, "acmasserr": "\t613(13) \t", "acmassfrac": 0.8794835007173601, "p0s": 1.0253023576673306, "p1s": -6.710525934743542e-05, "exposure": 1.2}, "GD61A": {"mass": 0.731, "acmass": 0.652, "acmasserr": "\t652(13) \t", "acmassfrac": 0.8919288645690835, "p0s": 1.020689136975448, "p1s": -6.021017901354941e-05, "exposure": 1.3}, "GD89B": {"mass": 0.62, "acmass": 0.533, "acmasserr": "\t533(13) \t", "acmassfrac": 0.8596774193548388, "p0s": 1.0296316038462745, "p1s": -7.646393345719219e-05, "exposure": 0.6}, "GD02D": {"mass": 0.662, "acmass": 0.552, "acmasserr": "\t552(11) \t", "acmassfrac": 0.8338368580060423, "p0s": 1.0213066409760347, "p1s": -6.549334757315884e-05, "exposure": 0.0}, "GD91C": {"mass": 0.627, "acmass": 0.556, "acmasserr": "\t556(12) \t", "acmassfrac": 0.8867623604465711, "p0s": 1.0263681504501116, "p1s": -7.178249381781978e-05, "exposure": 0.2}, "ANG5": {"mass": 2.746, "acmass": 2.281, "acmasserr": "\t2281(132) \t", "acmassfrac": 0.8306627822286964, "p0s": 1.019843225457899, "p1s": -5.1713303880813224e-05, "exposure": 5.0}, "RG1": {"mass": 2.11, "acmass": 1.908, "acmasserr": "\t1908(125) \t", "acmassfrac": 0.9042654028436019, "p0s": 1.0161341108500996, "p1s": -4.853407204126455e-05, "exposure": 3.8}, "ANG3": {"mass": 2.391, "acmass": 2.07, "acmasserr": "\t2070(136) \t", "acmassfrac": 0.8657465495608532, "p0s": 1.0223322337779104, "p1s": -5.5672946652329576e-05, "exposure": 4.5}, "GD02A": {"mass": 0.545, "acmass": 0.488, "acmasserr": "\t488(9) \t", "acmassfrac": 0.8954128440366972, "p0s": 1.0168508817296933, "p1s": -6.212185977569847e-05, "exposure": 1.0}, "GD32B": {"mass": 0.716, "acmass": 0.632, "acmasserr": "\t632(11) \t", "acmassfrac": 0.8826815642458101, "p0s": 1.0314979954527748, "p1s": -7.155405492442644e-05, "exposure": 1.2}, "GD32A": {"mass": 0.458, "acmass": 0.404, "acmasserr": "\t404(11) \t", "acmassfrac": 0.8820960698689957, "p0s": 1.0276671343957884, "p1s": -7.251449942129825e-05, "exposure": 0.5}, "GD32C": {"mass": 0.743, "acmass": 0.665, "acmasserr": "\t665(11) \t", "acmassfrac": 0.8950201884253028, "p0s": 1.0225516973535649, "p1s": -6.127118856767693e-05, "exposure": 1.4}, "GD89C": {"mass": 0.595, "acmass": 0.52, "acmasserr": "\t520(13) \t", "acmassfrac": 0.8739495798319329, "p0s": 1.0288702021656824, "p1s": -7.41356446947841e-05, "exposure": 1.0}, "GD61C": {"mass": 0.634, "acmass": 0.562, "acmasserr": "\t562(11) \t", "acmassfrac": 0.886435331230284, "p0s": 1.0317887914393573, "p1s": -7.618010026820806e-05, "exposure": 1.0}, "GD76B": {"mass": 0.384, "acmass": 0.326, "acmasserr": "\t326(8) \t", "acmassfrac": 0.8489583333333334, "p0s": 1.025379403649017, "p1s": -7.262730441733985e-05, "exposure": 0.7}, "GD00C": {"mass": 0.815, "acmass": 0.727, "acmasserr": "\t727(15) \t", "acmassfrac": 0.8920245398773007, "p0s": 1.0317808491457525, "p1s": -7.322184841168171e-05, "exposure": 1.4}, "GD35C": {"mass": 0.634, "acmass": 0.572, "acmasserr": "\t572(10) \t", "acmassfrac": 0.9022082018927444, "p0s": 1.0264123690870128, "p1s": -7.113925964601042e-05, "exposure": 1.2}, "GD76C": {"mass": 0.824, "acmass": 0.723, "acmasserr": "\t723(13) \t", "acmassfrac": 0.8774271844660194, "p0s": 1.0130324678364862, "p1s": -5.155421869042166e-05, "exposure": 1.3}, "GD89D": {"mass": 0.526, "acmass": 0.454, "acmasserr": "\t454(10) \t", "acmassfrac": 0.8631178707224334, "p0s": 1.0278246143888348, "p1s": -7.549936150878451e-05, "exposure": 0.9}, "GD00D": {"mass": 0.813, "acmass": 0.723, "acmasserr": "\t723(14) \t", "acmassfrac": 0.88929889298893, "p0s": 1.0238780905525529, "p1s": -6.30887185288183e-05, "exposure": 1.5}, "GD79C": {"mass": 0.812, "acmass": 0.713, "acmasserr": "\t713(12) \t", "acmassfrac": 0.8780788177339901, "p0s": 1.0198290755913688, "p1s": -6.0005424494575334e-05, "exposure": 1.2}, "GD35A": {"mass": 0.768, "acmass": 0.693, "acmasserr": "\t693(13) \t", "acmassfrac": 0.9023437499999999, "p0s": 1.0134421898579113, "p1s": -5.164880274228306e-05, "exposure": 1.4}, "GD91B": {"mass": 0.65, "acmass": 0.578, "acmasserr": "\t578(11) \t", "acmassfrac": 0.8892307692307692, "p0s": 1.0220916162248561, "p1s": -6.481449194496105e-05, "exposure": 0.4}, "GD61B": {"mass": 0.751, "acmass": 0.666, "acmasserr": "\t666(13) \t", "acmassfrac": 0.8868175765645806, "p0s": 1.0363760449243948, "p1s": -8.122658346617532e-05, "exposure": 1.1}, "ANG2": {"mass": 2.833, "acmass": 2.468, "acmasserr": "\t2468(145) \t", "acmassfrac": 0.8711613130956583, "p0s": 1.0217575837783972, "p1s": -5.306023448329667e-05, "exposure": 4.7}, "RG2": {"mass": 2.166, "acmass": 1.8, "acmasserr": "\t1800(115) \t", "acmassfrac": 0.8310249307479225, "p0s": 1.0150820155369196, "p1s": -4.763296138120583e-05, "exposure": 3.9}, "ANG4": {"mass": 2.372, "acmass": 2.136, "acmasserr": "\t2136(135) \t", "acmassfrac": 0.9005059021922429, "p0s": 1.0230264772289617, "p1s": -5.554062614034148e-05, "exposure": 4.4}, "GD00A": {"mass": 0.496, "acmass": 0.439, "acmasserr": "\t439(9) \t", "acmassfrac": 0.8850806451612904, "p0s": 1.0332585174414972, "p1s": -8.058419020065342e-05, "exposure": 0.9}, "GD02C": {"mass": 0.788, "acmass": 0.7, "acmasserr": "\t700(14) \t", "acmassfrac": 0.8883248730964466, "p0s": 1.0195106996158243, "p1s": -5.8619604090931895e-05, "exposure": 1.4}, "GD79B": {"mass": 0.736, "acmass": 0.648, "acmasserr": "\t648(14) \t", "acmassfrac": 0.8804347826086957, "p0s": 1.0234126923864164, "p1s": -6.47377960552002e-05, "exposure": 0.8}, "GD91D": {"mass": 0.693, "acmass": 0.615, "acmasserr": "\t615(13) \t", "acmassfrac": 0.8874458874458875, "p0s": 1.0287457858768523, "p1s": -6.867003799824004e-05, "exposure": 1.0}, "GD32D": {"mass": 0.72, "acmass": 0.657, "acmasserr": "\t657(11) \t", "acmassfrac": 0.9125000000000001, "p0s": 1.0177401854890646, "p1s": -5.795329023336836e-05, "exposure": 1.2}, "GD89A": {"mass": 0.524, "acmass": 0.462, "acmasserr": "\t462(10) \t", "acmassfrac": 0.8816793893129771, "p0s": 1.0278694756622295, "p1s": -7.203674277130188e-05, "exposure": 1.0}, "ANG1": {"mass": 0.958, "acmass": 0.795, "acmasserr": "\t795(50) \t", "acmassfrac": 0.8298538622129437, "p0s": 1.0207501400162462, "p1s": -6.473383241241979e-05, "exposure": 1.8}, "GTF112": {"mass": 2.965, "acmass": 2.522, "acmasserr": "\t2522(0) \t", "acmassfrac": 0.8505902192242832, "p0s": 1.014162265064094, "p1s": -3.9703995321296454e-05, "exposure": 0.0}, "GTF32": {"mass": 2.321, "acmass": 2.251, "acmasserr": "\t2251(116) \t", "acmassfrac": 0.9698405859543299, "p0s": 1.014359592011705, "p1s": -3.960175313461567e-05, "exposure": 0.0}, "GTF45_2": {"mass": 2.312, "acmass": 1.965, "acmasserr": "\t1965(0) \t", "acmassfrac": 0.8499134948096887, "p0s": 1.015445554240514, "p1s": -4.2016439143293485e-05, "exposure": 0.0}}